{"cameraMode":{"drawMode":0,"name":"Shaded","section":"Shading Mode"},"sceneLighting":true,"audioPlay":false,"sceneViewState":{"showFog":true,"showMaterialUpdate":false,"showSkybox":true,"showFlares":true,"showImageEffects":true,"showParticleSystems":true},"in2DMode":false,"pivot":{"x":5.540375709533691,"y":-0.10611223429441452,"z":-14.37791633605957},"rotation":{"x":0.018765224143862726,"y":0.9026901721954346,"z":-0.03957179933786392,"w":0.4280617833137512},"size":10.0,"orthographic":false}